{"name":null,"assets":"aoy4:pathy41:assets%2Fgraphics%2F1.5x%2Fsprite-1-0.pngy4:sizei5375y4:typey5:IMAGEy2:idR1y7:preloadtgoR0y42:assets%2Fgraphics%2F1.5x%2Fsprite-10-0.pngR2i721R3R4R5R7R6tgoR0y42:assets%2Fgraphics%2F1.5x%2Fsprite-12-0.pngR2i1790R3R4R5R8R6tgoR0y42:assets%2Fgraphics%2F1.5x%2Fsprite-16-0.pngR2i527R3R4R5R9R6tgoR0y41:assets%2Fgraphics%2F1.5x%2Fsprite-3-0.pngR2i507R3R4R5R10R6tgoR0y41:assets%2Fgraphics%2F1.5x%2Fsprite-5-0.pngR2i256R3R4R5R11R6tgoR0y40:assets%2Fgraphics%2F1.5x%2Ftileset-6.pngR2i2104R3R4R5R12R6tgoR0y39:assets%2Fgraphics%2F1x%2Fsprite-1-0.pngR2i2440R3R4R5R13R6tgoR0y40:assets%2Fgraphics%2F1x%2Fsprite-10-0.pngR2i205R3R4R5R14R6tgoR0y40:assets%2Fgraphics%2F1x%2Fsprite-12-0.pngR2i181R3R4R5R15R6tgoR0y40:assets%2Fgraphics%2F1x%2Fsprite-16-0.pngR2i153R3R4R5R16R6tgoR0y39:assets%2Fgraphics%2F1x%2Fsprite-3-0.pngR2i153R3R4R5R17R6tgoR0y39:assets%2Fgraphics%2F1x%2Fsprite-5-0.pngR2i125R3R4R5R18R6tgoR0y38:assets%2Fgraphics%2F1x%2Ftileset-6.pngR2i386R3R4R5R19R6tgoR0y39:assets%2Fgraphics%2F2x%2Fsprite-1-0.pngR2i9140R3R4R5R20R6tgoR0y40:assets%2Fgraphics%2F2x%2Fsprite-10-0.pngR2i1110R3R4R5R21R6tgoR0y40:assets%2Fgraphics%2F2x%2Fsprite-12-0.pngR2i2433R3R4R5R22R6tgoR0y40:assets%2Fgraphics%2F2x%2Fsprite-16-0.pngR2i822R3R4R5R23R6tgoR0y39:assets%2Fgraphics%2F2x%2Fsprite-3-0.pngR2i775R3R4R5R24R6tgoR0y39:assets%2Fgraphics%2F2x%2Fsprite-5-0.pngR2i289R3R4R5R25R6tgoR0y38:assets%2Fgraphics%2F2x%2Ftileset-6.pngR2i2808R3R4R5R26R6tgoR0y39:assets%2Fgraphics%2F4x%2Fsprite-1-0.pngR2i28348R3R4R5R27R6tgoR0y40:assets%2Fgraphics%2F4x%2Fsprite-10-0.pngR2i3138R3R4R5R28R6tgoR0y40:assets%2Fgraphics%2F4x%2Fsprite-12-0.pngR2i7465R3R4R5R29R6tgoR0y40:assets%2Fgraphics%2F4x%2Fsprite-16-0.pngR2i2515R3R4R5R30R6tgoR0y39:assets%2Fgraphics%2F4x%2Fsprite-3-0.pngR2i2470R3R4R5R31R6tgoR0y39:assets%2Fgraphics%2F4x%2Fsprite-5-0.pngR2i653R3R4R5R32R6tgoR0y38:assets%2Fgraphics%2F4x%2Ftileset-6.pngR2i7744R3R4R5R33R6tgoR0y36:assets%2Fgraphics%2Fdefault-font.fntR2i10791R3y4:TEXTR5R34R6tgoR0y36:assets%2Fgraphics%2Fdefault-font.pngR2i1736R3R4R5R36R6tgoR2i8800R3y5:SOUNDR5y27:assets%2Fsfx%2Fsound-13.mp3y9:pathGroupaR38y27:assets%2Fsfx%2Fsound-13.ogghR6tgoR2i8959R3R37R5y27:assets%2Fsfx%2Fsound-14.mp3R39aR41y27:assets%2Fsfx%2Fsound-14.ogghR6tgoR2i9157R3R37R5R40R39aR38R40hgoR2i9009R3R37R5R42R39aR41R42hgoR0y29:assets%2Fdata%2Fbehaviors.mbsR2i4141R3y6:BINARYR5R43R6tgoR0y24:assets%2Fdata%2Fgame.mbsR2i1668R3R44R5R45R6tgoR0y34:assets%2Fdata%2Finner-joystick.pngR2i1002R3R4R5R46R6tgoR0y41:assets%2Fdata%2Finner-joystick%401.5x.pngR2i2011R3R4R5R47R6tgoR0y39:assets%2Fdata%2Finner-joystick%402x.pngR2i2281R3R4R5R48R6tgoR0y39:assets%2Fdata%2Finner-joystick%403x.pngR2i4539R3R4R5R49R6tgoR0y39:assets%2Fdata%2Finner-joystick%404x.pngR2i5346R3R4R5R50R6tgoR0y34:assets%2Fdata%2Fouter-joystick.pngR2i2194R3R4R5R51R6tgoR0y41:assets%2Fdata%2Fouter-joystick%401.5x.pngR2i4449R3R4R5R52R6tgoR0y39:assets%2Fdata%2Fouter-joystick%402x.pngR2i5120R3R4R5R53R6tgoR0y39:assets%2Fdata%2Fouter-joystick%403x.pngR2i10405R3R4R5R54R6tgoR0y39:assets%2Fdata%2Fouter-joystick%404x.pngR2i12189R3R4R5R55R6tgoR0y29:assets%2Fdata%2Fresources.mbsR2i3012R3R44R5R56R6tgoR0y27:assets%2Fdata%2Fscene-0.mbsR2i1531R3R44R5R57R6tgoR0y27:assets%2Fdata%2Fscene-0.scnR2i325R3R44R5R58R6tgoR0y26:assets%2Fdata%2Fscenes.mbsR2i75R3R44R5R59R6tgh","rootPath":null,"version":2,"libraryArgs":[],"libraryType":null}